ctools	Chaos tool suite (ctools)
views	Views
token	Token
libraries	Libraries API
entity	Entity API
pathauto	Pathauto
jquery_update	jQuery Update
admin_menu	Administration menu
webform	Webform
date	Date
imce	IMCE
ckeditor	CKEditor - WYSIWYG HTML editor
link	Link
module_filter	Module Filter
google_analytics	Google Analytics
metatag	Metatag
wysiwyg	Wysiwyg
rules	Rules
entityreference	Entity reference
features	Features
backup_migrate	Backup and Migrate
media	Media
field_group	Field Group
xmlsitemap	XML sitemap
transliteration	Transliteration
views_bulk_operations	Views Bulk Operations (VBO)
colorbox	Colorbox
captcha	CAPTCHA
variable	Variable
views_slideshow	Views Slideshow
panels	Panels
l10n_update	Localization update
file_entity	File Entity (fieldable files)
menu_block	Menu block
devel	Devel
i18n	Internationalization
redirect	Redirect
context	Context
globalredirect	Global Redirect
block_class	Block Class
field_collection	Field collection
imce_wysiwyg	IMCE Wysiwyg bridge
menu_attributes	Menu attributes
strongarm	Strongarm
ds	Display Suite
email	Email Field
addressfield	Address Field
superfish	Superfish
mailsystem	Mail System
job_scheduler	Job Scheduler
flexslider	Flex Slider
admin_views	Administration Views
references	References
better_exposed_filters	Better Exposed Filters
smtp	SMTP Authentication Support
feeds	Feeds
special_menu_items	Special menu items
uuid	Universally Unique IDentifier
calendar	Calendar
recaptcha	reCAPTCHA
views_data_export	Views data export
media_youtube	Media: YouTube
honeypot	Honeypot
site_map	Site map
node_clone	Node clone
mimemail	Mime Mail
diff	Diff
imagecache_actions	ImageCache Actions
views_php	Views PHP
multiupload_filefield_widget	Multiupload Filefield Widget
plupload	Plupload integration
lightbox2	Lightbox2
search_api	Search API
advanced_help	Advanced help
page_title	Page Title
taxonomy_menu	Taxonomy menu
quicktabs	Quick Tabs
multiupload_imagefield_widget	Multiupload Imagefield Widget
field_permissions	Field Permissions
inline_entity_form	Inline Entity Form
filefield_sources	FileField Sources
votingapi	Voting API
insert	Insert
scheduler	Scheduler
adminimal_admin_menu	Adminimal Administration Menu
facetapi	Facet API
conditional_fields	Conditional Fields
video_embed_field	Video Embed Field
oauth	OAuth 1.0
fontyourface	@font-your-face
content_access	Content Access
commerce	Drupal Commerce
pathologic	Pathologic
title	Title
linkit	Linkit - Enriched linking experience
ckeditor_link	CKEditor Link - A plugin to easily create links to Drupal internal paths
nice_menus	Nice Menus
draggableviews	DraggableViews
imce_mkdir	IMCE Mkdir
jcarousel	jCarousel
print	Printer, email and PDF versions
image_url_formatter	Image URL Formatter
module_missing_message_fixer	Module Missing Message Fixer
flag	Flag
site_verify	Site verification
auto_nodetitle	Automatic Nodetitles
search_api_db	Search API Database Search
simplenews	Simplenews
exclude_node_title	Exclude Node Title
extlink	External Links
masquerade	Masquerade
geophp	geoPHP
fivestar	Fivestar
logintoboggan	LoginToboggan
location	Location
field_formatter_settings	Field formatter settings
entity_translation	Entity Translation
geofield	Geofield
multiform	Multiple forms
feeds_tamper	Feeds Tamper
node_export	Node export
features_extra	Features Extra
responsive_menus	Responsive Menus
media_vimeo	Media: Vimeo
views_bootstrap	Views Bootstrap
bundle_copy	Bundle Copy
migrate	Migrate
nodequeue	Nodequeue
eu_cookie_compliance	EU Cookie Compliance
taxonomy_manager	Taxonomy Manager
eva	EVA: Entity Views Attachment
htmlmail	HTML Mail
elements	Elements
webform_validation	Webform Validation
better_formats	Better Formats
weight	Weight
login_destination	Login Destination
languageicons	Language Icons
gmap	GMap Module
i18nviews	Internationalization Views
services	Services
cck	Content Construction Kit (CCK)
sharethis	ShareThis
custom_search	Custom Search
views_field_view	Views Field View
custom_breadcrumbs	Custom Breadcrumbs
chosen	Chosen
filefield_paths	File (Field) Paths
options_element	Options Element
profile2	Profile 2
views_accordion	Views Accordion
image_resize_filter	Image Resize Filter
youtube	YouTube Field
fontawesome	Font Awesome Icons
galleryformatter	Gallery formatter
bean	Bean
field_slideshow	Field Slideshow
breakpoints	Breakpoints
search404	Search 404
mollom	Mollom
nivo_slider	Nivo Slider
tb_megamenu	TB Mega Menu
wysiwyg_filter	WYSIWYG Filter
view_unpublished	view_unpublished
memcache	Memcache API and Integration
token_filter	Token Filter
smart_trim	Smart Trim
fences	Fences
metatags_quick	Meta tags quick
security_review	Security Review
hierarchical_select	Hierarchical Select
entity_view_mode	Entity view modes
css_injector	CSS Injector
webform_ajax	Webform Ajax
linkchecker	Link checker
shortcode	Shortcode
password_policy	Password Policy
imagecache_token	Imagecache Token
geocoder	Geocoder
multiblock	MultiBlock
faq	Frequently Asked Questions
colorbox_node	Colorbox Node
stringoverrides	String Overrides
role_delegation	Role Delegation
menu_item_visibility	Menu item visibility
twitter	Twitter
delta	Delta
entitycache	Entity cache
workbench	Workbench
nodeblock	Nodeblock
addtoany	AddToAny Share Buttons
omega_tools	Omega Tools
panelizer	Panelizer
advagg	Advanced CSS/JS Aggregation
menu_position	Menu position
simple_gmap	Simple Google Maps
paragraphs	Paragraphs
service_links	Service links
checklistapi	Checklist API
back_to_top	Back To Top
realname	Real Name
manualcrop	Manual Crop
expire	Cache Expiration
taxonomy_display	Taxonomy display
addthis	AddThis
phone	Phone
chain_menu_access	Chain Menu Access API
views_load_more	Views Load More
email_registration	Email Registration
views_infinite_scroll	Views Infinite Scroll
menu_breadcrumb	Menu Breadcrumb
ubercart	Ubercart
path_breadcrumbs	Path Breadcrumbs
viewfield	Viewfield
select_or_other	Select (or other)
computed_field	Computed Field
simplehtmldom	simplehtmldom API
seo_checklist	SEO Checklist
flexslider_views_slideshow	FlexSlider Views Slideshow
views_responsive_grid	Views Responsive Grid
filefield_sources_plupload	FileField Sources Plupload
acl	ACL
seckit	Security Kit
imagefield_crop	Imagefield Crop
advanced_forum	Advanced Forum
menu_admin_per_menu	Menu Admin per Menu
autologout	Automated Logout
og	Organic groups
navbar	Navbar
commerce_shipping	Commerce Shipping
tagclouds	TagCloud
auto_entitylabel	Automatic Entity Label
boost	Boost
empty_front_page	Empty Front Page
less	Less CSS Preprocessor
views_fieldsets	Views fieldsets
views_autocomplete_filters	Views Autocomplete Filters
r4032login	Redirect 403 to User Login
override_node_options	Override Node Options
views_conditional	Views Conditional
elysia_cron	Elysia Cron
themekey	ThemeKey
workbench_moderation	Workbench Moderation
search_api_solr	Search API Solr Search
maxlength	Maxlength
imagemagick	ImageMagick
field_validation	Field validation
semanticviews	Semantic Views
owlcarousel	Owl Carousel
jquery_plugin	jQuery plugins
picture	Picture
apachesolr	Apache Solr Search
xautoload	X Autoload
search_config	Search configuration
tablefield	TableField
message	Message
robotstxt	RobotsTxt
slick	Slick Carousel
mailchimp	MailChimp
ldap	Lightweight Directory Access Protocol (LDAP) 
menu_token	Menu token
uuid_features	UUID Features Integration
entityreference_prepopulate	Entityreference prepopulate
entityform	Entityform
google_tag	GoogleTagManager
follow	Follow
session_api	Session API
rabbit_hole	Rabbit Hole
term_reference_tree	Taxonomy Term Reference Tree Widget
blockreference	Block reference
commerce_paypal	Commerce PayPal
menu_trail_by_path	Menu Trail By Path
imce_filefield	IMCE for FileField
front	Front Page
lang_dropdown	Language Switcher Dropdown
video	Video
color_field	Color Field
views_datasource	Views Datasource
securepages	Secure Pages
telephone	Telephone
message_notify	Message Notify
commerce_flat_rate	Commerce Flat Rate
date_popup_authored	Date Popup Authored
formblock	Form Block
views_megarow	Views Megarow
retina_images	Retina Images
slick_views	Slick Views
inline_conditions	Inline Conditions
migrate_extras	Migrate Extras
views_tree	Views tree
node_convert	Node Convert
jquery_colorpicker	Jquery Colorpicker
twitter_block	Twitter Block
html5_tools	HTML5 Tools
acquia_connector	Acquia Connector
widgets	Widgets
eck	Entity Construction Kit (ECK)
emfield	Embedded Media Field
fpa	Fast Permissions Administration
countries	Countries
field_formatter_class	Field Formatter Class
search_api_ranges	Search API ranges
socialmedia	Social media
juicebox	Juicebox HTML5 Responsive Image Galleries
icon	Icon API
varnish	Varnish
image_link_formatter	Image Link Formatter
charts	Charts
nodeaccess	Nodeaccess
tvi	Taxonomy Views Integrator
webform_rules	Webform Rules
flood_control	Flood control
video_filter	Video Filter
navigation404	404 Navigation
fieldable_panels_panes	Fieldable Panels Panes (FPP)
crumbs	Crumbs, the Breadcrumbs suite
fitvids	FitVids
clientside_validation	Clientside Validation
block_titlelink	Block Title Link
form_builder	Form Builder
videojs	Video.js (HTML5 Video Player)
webform_localization	Webform Localization
pm_existing_pages	Page manager existing pages
commerce_features	Commerce features
shs	Simple hierarchical select
field_collection_views	Field Collection Views
publishcontent	Publish Content
ultimate_cron	Ultimate Cron
drafty	Drafty
url	URL field
search_api_sorts	Search API sorts
features_override	Features Override
geolocation	Geolocation Field
invisimail	Invisimail
fast_404	Fast 404
elfinder	elFinder file manager
commerce_addressbook	Commerce Addressbook
httprl	HTTP Parallel Request &amp; Threading Library
login_security	Login Security
commerce_discount	Commerce Discount
ds_bootstrap_layouts	Display Suite Bootstrap Layouts
date_ical	Date iCal
views_nivo_slider	Views Nivo Slider
simplify	Simplify
feeds_xpathparser	Feeds XPath Parser
chart	Google Chart Tools: Image Charts
defaultconfig	Default config
autocomplete_deluxe	Autocomplete Deluxe
coffee	Coffee
piwik	Piwik Web Analytics
cas	CAS
vppr	Vocabulary Permissions Per Role
leaflet	Leaflet
menu_firstchild	Menu Firstchild
domain	Domain Access
fancybox	fancyBox
insert_view	Insert View
l10n_client	Localization client
views_rss	Views RSS
imageblock	Image Block
registration	Entity Registration
taxonomy_csv	Taxonomy CSV import/export
entityreference_view_widget	Entity Reference View Widget
views_isotope	Views Isotope (Deprecated)
webform_hints	Webform Hints
commerce_backoffice	Commerce Backoffice
find_content	Find Content
taxonomy_access_fix	Taxonomy access fix
image_captcha_refresh	Image CAPTCHA Refresh
securelogin	Secure Login
conditional_styles	Conditional Stylesheets
disqus	Disqus
admin_language	Administration Language
panels_breadcrumbs	Panels Breadcrumbs
shadowbox	Shadowbox
legal	Legal
modal_forms	Modal forms (with ctools)
fb_likebox	Facebook Page Plugin
disable_messages	Disable Messages
administerusersbyrole	Administer Users by Role
media_gallery	Media Gallery
commerce_extra_price_formatters	Drupal Commerce Extra Price Formatters
webform_phone	Webform Phone Number
media_ckeditor	Media CKEditor
spamspan	SpamSpan filter
admin_theme	Administration theme
scroll_to_top	scroll to top
replicate	Replicate
markup	Markup
forum_access	Forum Access
easy_breadcrumb	Easy Breadcrumb
commerce_search_api	Commerce Search API
mediaelement	MediaElement
focal_point	Focal Point
apps	Apps
commerce_autosku	Commerce AutoSKU
rename_admin_paths	Rename Admin Paths
imagestyleflush	Image style flush
webform_layout	Webform Layout
panels_everywhere	Panels Everywhere
environment_indicator	Environment Indicator
search_autocomplete	Search Autocomplete
commerce_checkout_progress	Commerce Checkout Progress
noreqnewpass	No Request New Password
hacked	Hacked!
privatemsg	Privatemsg
session_limit	Session Limit
references_dialog	References dialog
image_field_caption	Image Field Caption
simplified_menu_admin	Simplified Menu Administration
masonry	Masonry API
newsletter	Newsletter
webform_conditional	Webform Conditional (Same Page Conditionals)
rate	Rate
tabtamer	Tab Tamer
views_ticker	Views Ticker
commerce_stock	Commerce Stock
content_taxonomy	Content Taxonomy
minify	Minify
form_placeholder	Form Placeholder
schema	Schema
save_draft	Save Draft
fape	Field API Pane Editor (FAPE)
radix_layouts	Radix Layouts
readmorecontrol	Read More Control
imce_crop	IMCE Crop
imce_rename	IMCE Rename
composer_manager	Composer Manager
backports	Backports
custom_formatters	Custom Formatters
audiofield	AudioField
menu_import	Menu Export/Import
modernizr	Modernizr
slick_extras	Slick extras
field_collection_table	Field Collection Table
imageapi_optimize	Image Optimize (or ImageAPI Optimize)
views_fluid_grid	Views Fluid Grid
adaptive_image	Adaptive Image
masonry_views	Masonry Views
flippy	Flippy
views_distinct	Views Distinct
revisioning	Revisioning
cloud_zoom	Cloud Zoom
hide_submit	Hide submit button
rules_conditional	Conditional Rules
media_soundcloud	Media: SoundCloud
locationmap	Location Map
admin	Admin
roleassign	RoleAssign
commerce_message	Commerce Message
http_client	Http Client
userprotect	User protect
commerce_coupon	Commerce Coupon
search_api_page	Search API pages
disable_breadcrumbs	Disable breadcrumbs
menu_editor	Menu Editor
username_enumeration_prevention	Username Enumeration Prevention
galleria	Galleria
schemaorg	Schema.org
openlayers	Openlayers
editablefields	Editable Fields
compact_forms	Compact Forms
menu_html	Menu HTML
panopoly_magic	Panopoly Magic
menu_target	Menu target
pdf	PDF
caption_filter	Caption Filter
webform_share	Webform share
wysiwyg_template	Wysiwyg API template plugin
views_content_cache	Views content cache
beautytips	BeautyTips
styles	Styles
image_delta_formatter	Image Delta Formatter
nodereference_url	Node Reference URL Widget
panopoly_theme	Panopoly Theme
editableviews	Editable Views
fullcalendar	FullCalendar
filter_perms	Filter permissions
subpathauto	Sub-pathauto (Sub-path URL Aliases)
panopoly_images	Panopoly Images
hybridauth	HybridAuth Social Login
messaging	Messaging
media_browser_plus	Media Browser Plus
proj4js	Proj4JS
imce_plupload	IMCE plupload
multiselect	Multiselect
flood_unblock	Flood Unblock
phpmailer	PHPMailer
services_views	Services Views
addressfield_tokens	Addressfield Tokens
panels_bootstrap_layouts	Panels Bootstrap Layouts
dhtml_menu	DHTML Menu
contact_forms	Contact Forms
panopoly_widgets	Panopoly Widgets
spamicide	Spamicide
event_calendar	Event Calendar
hidden_captcha	Hidden CAPTCHA
bg_image	Background Images
quiz	Quiz
addanother	Add another
